{
    "1": {
        "sender": "Alice",
        "time": 1703963795.4568672,
        "message": 9152166577046628120493484455097881184047522382044155020751402641945576667525954675270583742010891788945073489139456270829674596939523567934950558666442982896452758322568892241076851854112882335969697856010991570980106774855214315777007076496288489569396698406379856676531198197365085935687039412930514592057522281681500639759692749845416449874619275332768612263984961190500246137094453564186935905968409403150693501902992337660080248774030740402875273122561224255807378698362212033411688972272394862691566624775355064132054408959755214704921939357426203153281775580102487405307376133696076347385451936262908829143741
    },
    "2": {
        "sender": "Alice",
        "time": 1703963935.0784206,
        "message": 9213949623644784698682165411465116230259283636939813668524946070375607132375465198999274939921287579593429274776214668759219152916795221626095305373976499108049089791653228534592980553056135995756885700468131553962456299861330827966399875774551354454841091821971408136160758543736244857360601696815717980613000126892712657855610789222314997141570808699652549767033158543376366941640301801726615868789559484582682934481731653655811901794477749096516586040327526654563927570714385641922324085071137656127285528779511396976576182571055213578151996630381437361357454661596936956937464592826915591343800388028198374250112
    }
}